frame,start_myr,end_myr,nodes,plates,step_total,plate_shift,plate_deform,faults,topology_changes,climate_erosion_hydrology,volcanism,resource_formation,sea_level,step_other,render,decode_encode,frame_total
1,0.0,1.0,130597,19,36.933170457952656,4.1602795901708305,11.465835170645732,6.776386626064777,0.263998584006913,7.6844488739734516,0.205825959041249,0.37277895497391,2.6331748320371844,3.3704418670386076,2.447774957981892,0.03262724995147437,39.41469533398049
2,1.0,2.0,130192,20,42.52770541695645,4.2145077614695765,12.686801345669664,6.795312665984966,0.6092086231219582,7.969621833064593,0.41193625004962087,0.37741953902877867,1.9712588319089264,7.4916385666583665,1.848097542009782,0.024798374972306192,44.40290020901011
3,2.0,3.0,130454,24,44.56769241701113,4.592587838182226,13.83548734075157,7.8336963769979775,0.514607168850489,8.125735166016966,0.5208174169529229,0.4127339590340853,2.026516958954744,6.70551019127015,1.8272357910173014,0.023858541972003877,46.4205499169766
4,3.0,4.0,130111,24,50.205903916968964,4.636853138625156,14.003490679431707,8.082744372019079,0.8377768740756437,8.285173709038645,0.5269498730194755,0.41623708099359646,1.9501410030643456,11.466537186701316,1.7883081250474788,0.024672458006534725,52.020092457998544
5,4.0,5.0,130506,25,47.69574354198994,4.615389054699335,14.83448810124537,8.143529666063841,0.6890557510196231,8.217453166958876,0.6065542919677682,0.41464908298803493,1.973132460087072,8.20149196696002,1.8902800839859992,0.02502366597764194,49.613528791000135
6,5.0,6.0,130173,25,53.933738541963976,4.66453726158943,14.754917561775073,8.140605915803462,1.0061294991173781,8.257136834959965,0.6128802070743404,0.4122239999123849,2.0444988349918276,14.040808426740114,1.8124186669592746,0.025642874999903142,55.77434041700326
7,6.0,7.0,130636,27,53.021749957988504,4.833457890723366,15.910969101940282,8.658638624998275,0.8613654170185328,8.550937918073032,0.6243129599606618,0.428003624023404,2.008528333972208,11.145536087278742,1.8637902500340715,0.025825040997006,54.914708916970994
8,7.0,8.0,130276,27,58.62979129201267,4.90365114324959,15.577574647730216,8.593796874105465,1.2735693759750575,8.30785966583062,0.5635117091005668,0.4292578349704854,2.0562480430235155,16.924321998027153,1.701747749990318,0.02543212502496317,60.358181500050705
9,8.0,9.0,130865,28,56.43565649999073,4.961221681267489,16.519734020053875,8.731763166026212,1.2430044149514288,8.379515333974268,0.7206379590788856,0.43784533499274403,2.0081746670184657,13.43375992262736,1.67829225002788,0.027748959022574127,58.142943374987226
10,9.0,10.0,130617,28,64.80416966695338,5.087361851299647,16.58288946247194,8.748875332879834,1.6770620819879696,8.471426540112589,0.6254536260967143,0.4433201681240462,2.0916367901372723,21.076143813843373,1.6796284170122817,0.02492187498137355,66.51001999998698
11,10.0,11.0,131163,28,60.059976541029755,5.063125394866802,17.24811018136097,8.720072918978985,1.35763212305028,8.391471331997309,0.690666624926962,0.4475999989081174,2.069733459095005,16.071564507845324,1.6412887089536525,0.02533041703281924,61.727895084011834
12,11.0,12.0,130928,28,70.62733004201436,5.162357473396696,17.15713923232397,9.002952833019663,1.8022529159788974,8.594703541020863,0.6550842089927755,0.44976595893967897,2.0775623369263485,25.72551154141547,1.6778653330402449,0.02558079204754904,72.33208420797018
13,12.0,13.0,131502,28,64.02886004204629,5.115973680920433,18.00225726136705,8.896354875992984,1.394785959040746,8.626608416030649,0.7160417910199612,0.4476036209380254,2.1123289569513872,18.716905479785055,1.7240424579940736,0.025650540948845446,65.77992695797002
14,13.0,14.0,131252,28,74.57343366701389,5.113438723783474,17.427062347647734,8.89811375096906,1.8366948320763186,8.626182793930639,0.6264956278610043,0.4494669580599293,2.085911459987983,29.510067172697745,1.6680546670104377,0.02553358400473371,76.26840637502028
15,14.0,15.0,131913,28,67.60047904099338,5.163326640438754,18.308417596505024,8.875990164931864,1.3652670420124196,8.705311791040003,0.7130830000387505,0.44614162400830537,2.1060411669895984,21.91690001502866,1.7656156250159256,0.025881042005494237,69.39343795896275
16,15.0,16.0,131840,29,82.31409729202278,5.162056180124637,18.18041529529728,8.979381582990754,1.715561293065548,8.620492331101559,0.613918668939732,0.4470078769954853,2.116772499983199,36.478491563524585,1.6356150829815306,0.025539457972627133,83.97658662497997
17,16.0,17.0,132548,29,74.38821854203707,5.3378976850654,19.378395687032025,9.20741666702088,1.348722331924364,8.6735422090278,0.7414159580948763,0.45765733311418444,2.120220792130567,27.12294987862697,1.7402708749868907,0.026155208994168788,76.1562021249556
18,17.0,18.0,132277,30,95.55489204096375,5.411598140199203,19.307902854052372,9.396669291018043,1.7959864591248333,8.725507126073353,0.7198300841264427,0.4615932909073308,2.1136682928772643,47.62213650258491,1.6768932499689981,0.025522999989334494,97.25876858294941
19,18.0,19.0,133072,31,83.48344887502026,5.403662220982369,20.436740145727526,9.632835085038096,1.4702521670260467,8.883781957847532,0.8150936659658328,0.4694679160020314,2.157887126028072,34.21372859040275,1.7654837500303984,0.02617245796136558,85.27673308295198
20,19.0,20.0,132796,31,103.103708583978,5.5469890523236245,20.197868798917625,9.846304749080446,1.9283039580332115,8.94820637407247,0.7637800829252228,0.47964337409939617,2.078567291959189,53.31404490256682,1.6946802499587648,0.025683832995127887,104.82553441700293
21,20.0,21.0,133651,31,87.77346225001384,5.589322478044778,21.275020020315424,9.87797162408242,1.6010023740818724,8.927741166902706,0.8830190019216388,0.4792312899371609,2.2058719609631225,36.93428233376471,1.7581964590353891,0.026078041992150247,89.55923362501198
22,21.0,22.0,133464,31,105.44521325000096,5.561049560259562,20.65271657379344,9.877048124850262,2.068629751971457,9.06125895906007,0.7501779171288945,0.4760419150115922,2.1683206250309013,54.82996982289478,1.7700499579659663,0.026281791971996427,107.24354674998904
23,22.0,23.0,134226,31,86.62000866699964,5.572417018527631,21.426264637964778,9.850525168003514,1.6504253750899807,8.936634457844775,0.8747430841322057,0.4953710020054132,2.125660667021293,35.68796725641005,1.625121958029922,0.02558495895937085,88.27224704204127
24,23.0,24.0,134117,31,108.57619008299662,5.55346580944024,20.695052359893452,9.893157582962885,2.036645251966547,9.193795705912635,0.7301428739447147,0.47587529208976775,2.2294431660557166,57.76861204073066,1.636097000038717,0.02555770898470655,110.23945312498836
25,24.0,25.0,134771,31,91.56187079200754,5.472303516988177,21.19785232783761,9.947446376027074,1.6453514589229599,8.856530208024196,0.8515362110338174,0.47986687399679795,2.1575689579476602,40.95341486122925,1.660216959018726,0.02595362497959286,93.24956725002266
26,25.0,26.0,134405,31,113.47724824998295,5.494477977510542,20.303548315248918,10.093150750908535,2.124757499957923,8.956206417933572,0.7276538339210674,0.48377495718887076,2.137136625009589,63.15654187230393,1.655287625035271,0.026107166951987892,115.16014299995732
27,26.0,27.0,135276,31,93.86978479201207,5.478089142590761,21.30869468592573,9.924763039976824,1.7206590420682915,8.974146833003033,0.8169913749443367,0.4844279160024598,2.120776085066609,43.041236672434025,1.6675512089859694,0.02666079200571403,95.5655762910028
28,27.0,28.0,134860,31,116.34908741695108,5.522497977595776,20.25233886751812,10.005144291906618,2.207409916969482,8.997463377017993,0.7119194180704653,0.4838227498694323,2.1869855009717867,65.9815053170314,1.6577149580116384,0.025812999985646456,118.03418541600695
29,28.0,29.0,135408,31,97.34482674999163,5.553855430800468,21.162410107674077,10.150519459042698,1.8077897929470055,9.011782374000177,0.797824042965658,0.4828185010701418,2.1660142090404406,46.21181283245096,1.6480358749977313,0.026332625013310462,99.02070745796664
30,29.0,30.0,135023,31,124.27671462501166,5.534769680118188,20.42699017736595,9.975845250999555,2.2105521240155213,9.149306457140483,0.7218361658160575,0.4816535399877466,2.1350131250801496,73.64074810448801,1.6904870410216972,0.026172749989200383,125.99494079098804
31,30.0,31.0,135734,31,102.68787870899541,5.5110239367350005,21.685794220829848,9.958301043021493,1.8091822500573471,9.2221537498408,0.7810470859985799,0.48769720701966435,2.1406821259879507,51.09199708950473,1.6497973339864984,0.02607512503163889,104.36529245803831
32,31.0,32.0,135337,31,120.47355141595472,5.537093595776241,20.63052486302331,9.987226333934814,2.298869291029405,9.226588083954994,0.6803037489298731,0.48365529207512736,2.160324499825947,69.468965707405,1.6404066249961033,0.026103500043973327,122.14164708298631
33,32.0,33.0,136102,31,100.43960191699443,5.505987808923237,22.08438138331985,9.946587415994145,1.8398013327969238,9.052550541935489,0.745716665929649,0.4822262520319782,2.189967710117344,48.59238280594582,1.6596425829920918,0.026383374992292374,102.12717550003435
34,33.0,34.0,135694,31,113.53523766598664,5.528872047259938,20.94303726835642,9.864951249968726,2.3052128339768387,9.160663289076183,0.6822275829617865,0.48107304103905335,2.21628687705379,62.35291347629391,1.6424588749650866,0.026911666966043413,115.20617058296921
35,34.0,35.0,136442,31,94.10829729103716,5.583051261550281,22.15595645905705,9.956097708025482,1.9610008329618722,9.437276833981741,0.7881275411345996,0.4860415839939378,2.1777897921274416,41.562955278204754,1.700417166983243,0.026963000011164695,95.83732474996941
36,35.0,36.0,136060,31,118.53627845802112,5.6837424038676545,21.341926021967083,10.21860012813704,2.3423467078828253,9.33752375311451,0.7098483319277875,0.5020584570011124,2.2384690849576145,66.16176356916549,1.6491989170317538,0.026127542019821703,120.2131979999831
37,36.0,37.0,136836,31,98.09762754198164,5.722952931246255,22.732540603145026,10.069011290092021,1.9130095850559883,9.312258501013275,0.7740514979814179,0.48989491700194776,2.2538687099004164,44.83003950654529,1.692115375015419,0.026856625045184046,99.81820608401904
38,37.0,38.0,136385,31,127.31794841703959,5.943384142534342,21.794815961562563,10.189044458034914,2.417167539941147,9.64587429293897,0.7132202909560874,0.5028499590116553,2.25022187596187,73.86136989609804,1.7202642919728532,0.02759816701291129,129.0674161670031
39,38.0,39.0,137052,31,103.68979687499814,5.770190017297864,22.848997634428088,10.3745459181373,1.939910038956441,9.415237376000732,0.7602332940441556,0.488471832126379,2.190260707982816,49.90195005602436,1.6478742500185035,0.026920125004835427,105.36640275001992
40,39.0,40.0,136632,31,127.83634550002171,5.729700944793876,21.604359726188704,10.222927752009127,2.4211528319865465,9.502182001073379,0.7002890849835239,0.49334558413829654,2.259524877066724,74.90286269778153,1.7167135420022532,0.02659604197833687,129.58125962503254
41,40.0,41.0,137354,31,99.15098833298543,5.654892596707214,22.846601232362445,10.131917125021573,1.9014035831205547,9.482578540919349,0.7764531669672579,0.4847215430927463,2.212218041124288,45.66020250367001,1.698250250017736,0.026462291949428618,100.87745433399687
42,41.0,42.0,137025,32,114.43840120796813,5.858186927973293,22.659013813361526,10.51728666597046,2.427290247986093,9.795621583005413,0.7277987477718852,0.501920789887663,2.2137845850666054,59.73749784694519,1.6194498750264756,0.10984883300261572,116.16935879096854
43,42.0,43.0,137735,32,92.25344266701723,5.82549897901481,23.443432027008384,10.276251294126268,1.8312197498744354,9.804740666004363,0.811803333053831,0.49621208204189315,2.2519598330254667,37.51232470286777,1.693299249978736,0.04656649997923523,93.99500649998663
44,43.0,44.0,137435,32,107.42075866699452,5.924323279410601,22.483171696483623,10.45623837603489,2.353696751932148,9.729667544015683,0.7421212090412155,0.5014874569606036,2.252208416874055,52.9778439362417,1.6720012910082005,0.03953366697533056,109.13399445899995
45,44.0,45.0,138091,32,90.07139712502249,5.887137385143433,23.708683723409194,10.338678000902291,1.908033791987691,9.568417373986449,0.8063866681186482,0.5014429149450734,2.2571815389674157,35.09543572756229,1.6581771669443697,0.041921583004295826,91.77316004200839
46,45.0,46.0,137677,32,104.61953029199503,5.966273017926142,22.73414271819638,10.866216544120107,2.27753387496341,9.823072709026746,0.7309782081283629,0.5065828759106807,2.297946417122148,49.416783926601056,1.6398179159732535,0.04349808400729671,106.30454854201525
47,46.0,47.0,138566,32,103.1640182500123,7.100502465618774,26.394095343130175,11.700760041945614,1.9269657090771943,12.225274249794893,0.9450946249417029,0.6436431650654413,2.555782583018299,39.67190006742021,2.6777023340109736,0.09383658302249387,105.94312291697133
48,47.0,48.0,138124,34,160.97072762501193,11.549216958635952,37.50721555238124,16.505230540875345,3.0904237088398077,15.275293667975347,1.0497941660578363,0.8507722079521045,3.1514277089736424,71.99135311332066,2.9520673750084825,0.0834560000221245,164.01690962503199
49,48.0,49.0,138825,34,115.11798104201443,9.981972836423665,33.361015758884605,14.11254070798168,1.9700725000002421,12.671326664974913,1.10412929096492,0.734197539917659,2.6637482080841437,38.51897753478261,2.143935457977932,0.049671666987705976,117.3192569160019
50,49.0,50.0,138401,34,100.58553949999623,7.117356789472979,25.189356898947153,12.31625687808264,2.212355959985871,10.790831375052221,0.7780342089245096,0.5783952100318857,2.388186292897444,39.214765886601526,1.9660574169829488,0.05747716699261218,102.6116882910137
51,50.0,51.0,139013,34,81.11743237503106,6.763861934072338,25.221805968438275,11.5103995820391,1.763441958988551,10.027495039859787,0.8585197929642163,0.5448539991048165,2.3620592498918995,22.064994849672075,1.6572294170036912,0.0657103750272654,82.84221654204885
52,51.0,52.0,138486,36,89.54645608301507,6.527028392942157,23.58054647606332,11.127726126927882,1.977315417083446,9.797545292007271,0.7690059610176831,0.5301352921524085,2.2900372929871082,32.9471158318338,1.7529951250180602,0.05094658298185095,91.35219437500928
53,52.0,53.0,139155,36,81.44979191699531,6.659501111600548,25.393868767365348,11.575878377014305,1.7095660840859637,10.331516417034436,0.8726960839121602,0.5753174160490744,2.2924498350475915,22.038997824885882,2.0289287089835852,0.05043129198020324,83.53160899999784
54,53.0,54.0,138786,36,93.69615925004473,6.6621590651921,24.61279368272517,11.607310583873186,2.163245584932156,10.711612416896969,0.9289213350275531,0.6448025438003242,2.6710292519419454,33.69428478565533,6.28359529201407,0.11362320900661871,100.11364083300577
55,54.0,55.0,139451,36,372.38476479100063,51.813365512294695,129.41314350481844,47.88376783498097,7.677218252036255,39.63967624690849,3.772366914956365,1.921561292023398,6.593749081133865,83.66991615184816,7.250436207978055,0.43830804200842977,380.099595415988
56,55.0,56.0,139058,36,312.905346207961,49.46221953583881,103.24070900637889,34.00273708201712,5.347517834044993,30.37509054306429,2.179680915956851,1.7233328329748474,5.181197666970547,81.39286079071462,4.367518500017468,0.2114860829897225,317.50290800002404
57,56.0,57.0,139798,36,224.6570171659696,33.047939329990186,76.17419291316764,28.05950458504958,3.9965160420397297,25.952265164989512,1.8954251650138758,1.54155641811667,3.923305251984857,50.066312295617536,4.60589158302173,0.10089270898606628,229.38467449997552
58,57.0,58.0,139461,36,194.81724608299555,24.411070086061954,60.77772609220119,21.951625583169516,4.174129499995615,20.709311875863932,1.4736772890901193,1.2285045009921305,3.6601816221373156,56.43101953348378,2.652177833020687,0.08967854204820469,197.56817795801908
59,58.0,59.0,140057,36,102.5007086249534,9.859219223901164,33.08083367580548,14.471637458074838,2.2519760010181926,12.8390669580549,0.9983711239765398,0.7492852910072543,3.00611341802869,25.244205475086346,2.1929749170085415,0.1726905420073308,104.86965795804281
60,59.0,60.0,139705,36,100.06638866703724,8.697228014527354,27.600524096691515,12.35007978999056,2.5619038738659583,12.023365623957943,0.8029208730440587,0.6284503740607761,2.5038550421013497,32.89806097879773,1.9674959579715505,0.06420087500009686,102.09996337501798
